<?xml version="1.0" encoding="UTF-8"?>
    <addon id="hackebeil.repo" name="Hackebeil's Addons" version="0.1.0" provider-name="hackebeil">
        <requires>
            <import addon="xbmc.addon" version="12.0.0"/>
        </requires>
        <extension point="xbmc.addon.repository" name="Hackebeil's Addons">
            <info compressed="false">https://raw.githubusercontent.com/hackebeil/kodi-repo/master/repo/addons.xml</info>
            <checksum>https://raw.githubusercontent.com/hackebeil/kodi-repo/master/repo/addons.xml.md5</checksum>
            <datadir zip="true">https://raw.githubusercontent.com/hackebeil/kodi-repo/master/repo/</datadir>
            <hashes>false</hashes>
        </extension>
        <extension point="xbmc.addon.metadata">
            <summary>Alpha/Beta addons by hackebeil</summary>
            <description>A kodi repository for easy deployment of alpha/beta addons</description>
            <platform>all</platform>
    </extension>
</addon>